<?xml version = "1.0" encoding = "UTF-8"?>

<beans xmlns="http://www.springframework.org/schema/beans"
	xmlns:xsi="http://www.w3.org/2001/XMLSchema-instance"
	xmlns:context="http://www.springframework.org/schema/context"
	xsi:schemaLocation="http://www.springframework.org/schema/beans
   http://www.springframework.org/schema/beans/spring-beans-3.0.xsd
   http://www.springframework.org/schema/context
   http://www.springframework.org/schema/context/spring-context.xsd">

	<bean id="dmds"
		class="org.springframework.jdbc.datasource.DriverManagerDataSource">
		<property name="driverClassName"
			value="oracle.jdbc.driver.OracleDriver" />
		<property name="url"
			value="jdbc:oracle:thin:@localhost:1522:xe" />
		<property name="username" value="sys as sysdba" />
		<property name="password" value="password" />
	</bean>

	<bean name="jdbcTemplate" class="org.springframework.jdbc.core.JdbcTemplate" autowire="byType">
		<!-- <property name="dataSource" ref="dmds" /> -->
	</bean>
	
	<bean name="bdao" class="mla.mar_24_jdbc_template_1.model.BranchDao" autowire="byType">
		<!-- <property name="jdbcTemplate" ref="jdb" /> -->
	</bean>
</beans>